id,timestep,text,author
1,2025-09-27 07:55:09 UTC,Dreams have only one owner at a time. That's why dreamers are lonely.,William Faulkner
2,2025-09-27 07:55:14 UTC,Actions are the seeds of fate. Deeds grow into destiny.,Harry S. Truman
3,2025-09-27 07:55:20 UTC,The constant assertion of belief is an indication of fear.,Jiddu Krishnamurti
4,2025-09-27 07:55:25 UTC,I love fools' experiments. I am always making them.,Charles Darwin
5,2025-09-27 07:55:31 UTC,You are a function of what the whole universe is doing in the same way that a wave is a function of what the whole ocean is doing.,Alan Watts
6,2025-09-27 07:59:49 UTC,Decide upon your major definite purpose in life and then organize all your activities around it.,Brian Tracy
7,2025-09-27 08:00:09 UTC,The act of taking the first step is what separates the winners from the losers.,Brian Tracy
8,2025-09-27 08:00:30 UTC,First say to yourself what you would be; and then do what you have to do.,Epictetus
9,2025-09-27 08:00:50 UTC,Sometimes good things fall apart so better things can fall together.,Marilyn Monroe
10,2025-09-27 08:01:11 UTC,Opportunity comes when you continually push forward.,Sonia Ricotti
